Nama,Perusahaan,Lokasi,Pengalaman,Upah
Telemarketing,PT Domba Mas Indonesia,head office - Jakarta Barat,0 tahun,Gaji Kompetitif
Marketing,PT Arianda Mitra Sejahtera,Sumatera Utara - Medan,3 tahun,IDR 5.000.000 - 8.000.000
Marketing Executive (Specialty Food Ingredients),PT Matahari Raya Kimiatama,head office - Tangerang,Setidaknya 1 tahun,Gaji Kompetitif
SALES MARKETING,PT Bimasada Jaya Persada,head office - Surabaya,2 tahun,Gaji Kompetitif
Sales Marketing Executive (Freelance),PT Osell Selection Indonesia,head office - Jakarta Barat,Setidaknya 1 tahun,IDR 3.500.000 - 6.000.000
Sales & Marketing CCTV & Security System,PT Amatama Sentra Elektindo,head office - Jakarta Barat,Setidaknya 1 tahun,IDR 3.000.000 - 6.000.000
MARKETING IN-HOUSE PROPERTY,PT Karya Bintang Gemilang,head office - Bogor,Setidaknya 1 tahun,Gaji Kompetitif
TELEMARKETING,Holiday Call Centre - Cambodia,"2 Thnou St, Krong Preah Sihanouk, Cambodia - Prov. Apa saja",Setidaknya 1 tahun,IDR 5.000.000 - 8.000.000
Divisi Marketing,Holiday Call Centre - Cambodia,"2 Thnou St, Krong Preah Sihanouk, Cambodia - Prov. Apa saja",Setidaknya 1 tahun,IDR 5.000.000 - 8.000.000
Call Center Telemarketing,Holiday Call Centre - Cambodia,"2 Thnou St, Preah Sihanouk, Cambodia - Prov. Apa saja",Setidaknya 1 tahun,IDR 5.000.000 - 8.000.000
Telemarketing  Representative,Holiday Call Centre - Cambodia,"2 Thnou St, Preah Sihanouk, Cambodia - Prov. Apa saja",Setidaknya 1 tahun,IDR 5.000.000 - 8.000.000
Staff Marketing,Holiday Call Centre - Cambodia,"2 Thnou St, Krong Preah Sihanouk, Cambodia - Prov. Apa saja",Setidaknya 1 tahun,IDR 5.000.000 - 8.000.000
TELEMARKETING,Holiday Call Centre - Cambodia,"2 Thnou St, Krong Preah Sihanouk, Cambodia - Prov. Apa saja",Setidaknya 1 tahun,IDR 5.000.000 - 8.000.000
Beauty Advisor (Marketing) - SOLO,PERSOLKELLY Recruitment Indonesia,Solo - Surakarta,Setidaknya 1 tahun,IDR 2.000.000 - 2.500.000
Digital Marketing,Holiday Call Centre - Cambodia,"2 Thnou St, Preah Sihanouk, Cambodia - Prov. Apa saja",Setidaknya 1 tahun,IDR 7.000.000 - 10.000.000
SEO  - DIGITAL MARKETING,Holiday Call Centre - Cambodia,"2 Thnou St, Krong Preah Sihanouk, Cambodia - Prov. Apa saja",Setidaknya 1 tahun,IDR 7.000.000 - 10.000.000
Sales/Marketing Bali,PT Magada Tirta Amerta,Bali - Prov. Bali,Setidaknya 1 tahun,Gaji Kompetitif
Sales Marketing Bus Pariwisata (Mencari Kontrak Antar Jemput dan Pariwisata),PT Manomarion Transport,head office - Jakarta Timur,3 tahun,IDR 5.000.000 - 8.000.000
Credit Marketing Officer Motor – Jember,PT Mega Central Finance,Jember - Jember,Setidaknya 1 tahun,Gaji Kompetitif
Staf Marketing (Penempatan : Tegal),Confidential Company,Tegal - Prov. Jawa Tengah,0 tahun,Gaji Kompetitif
Marketing Property,PT Prima Yasa Banguntama,Serang - Serang,Setidaknya 1 tahun,Gaji Kompetitif
UKWMS - Marketing Export,PT Siantar Top Tbk,Surabaya - Surabaya,Setidaknya 1 tahun,Gaji Kompetitif
SALES MARKETING FARMASI,PT Mazta Farma,head office - Jakarta Barat,Setidaknya 1 tahun,Gaji Kompetitif
Digital Marketing Staff - Real Estate - Bekasi (B-82625),PT RGF Human Resources Agent Indonesia,Bekasi - Bekasi,2 tahun,IDR 6.000.000 - 8.000.000
Marketing / Account Officer,PT BPR Karinamas Permai,head office - Bekasi,2 tahun,Gaji Kompetitif
Staf Marketing KSM,PT BCA Multi Finance,Jambi - Jambi,2 tahun,Gaji Kompetitif
Marketing Asuransi Prudential,PT Sinergi Cipta Ananta (Baroroh Elbariah),FP One - Jakarta Pusat,3 tahun,IDR 5.000.000 - 20.000.000
Marketing Asuransi Jiwa (YN),PT Sinergi Cipta Ananta (Baroroh Elbariah),FP One - Jakarta Pusat,2 tahun,IDR 2.000.000 - 6.000.000
Sales (Marketing) Property,PT Agung Sejahtera Sidoraharjatex,head office - Sragen,Setidaknya 1 tahun,Gaji Kompetitif
Senior marketing executive,PT Valbury Asia Futures,Prov. DKI-Jakarta - Prov. DKI-Jakarta,Setidaknya 1 tahun,IDR 2.500.000 - 5.000.000
Marketing,Koperasi Simpan Pinjam Artalub Karya Bersinar,Plaza Summarecon Bekasi Barat - Bekasi,0 tahun,Gaji Kompetitif
Marketing,PT Usaha Gunabhakti Mandiri,Bangkalan - ,Setidaknya 1 tahun,IDR 3.000.000 - 3.250.000
Sales Marketing,PT Mastrotto Indonesia,Bogor - Bogor,0 tahun,Gaji Kompetitif
MARKETING PROPERTY,PT Karya Bintang Gemilang,head office - Bogor,2 tahun,Gaji Kompetitif
Telemarketing,PT Innovation Hongtai Technology,head office - Tangerang,Setidaknya 1 tahun,IDR 3.000.000 - 7.000.000
CREDIT MARKETING OFFICER - SALATIGA,PT. Arthaasia Finance,SALATIGA - Salatiga,Setidaknya 1 tahun,IDR 2.100.000 - 3.000.000
Sales/Marketing Makasar,PT Magada Tirta Amerta,Makasar - Makassar,0 tahun,Gaji Kompetitif
SALES MARKETING ENGINEER,PT Jaya Kencana,head office - Prov. DKI-Jakarta,3 tahun,Gaji Kompetitif
Marketing Leasing Blitar,PT Bahtera Pesat Lintasbuana,Blitar - Blitar,Setidaknya 1 tahun,IDR 2.000.000 - 3.000.000
Staff Telemarketing - Wanita,Holiday Call Centre - Cambodia,JAKARTA - Prov. DKI-Jakarta,0 tahun,IDR 4.000.000 - 9.000.000
SALES & MARKETING,PT. Indosiar Visual Mandiri,head office - Jakarta,0 tahun,Gaji Kompetitif
Marketing & Sales Management,PT Elabram Systems,head office - Jakarta Pusat,5 tahun,IDR 2.656.000 - 2.656.000
TELEMARKETING,PT. Surya Timur Sakti Jatim,PT. Surya Timur Sakti Jatim - Surabaya,0 tahun,Gaji Kompetitif
Marketing Firstmedia ,PT Rajawali Anugrah Resources,head office - Jakarta Selatan,0 tahun,IDR 4.400.000 - 4.500.000
Marketing Engineer,PT Jaya Kencana,head office - Prov. DKI-Jakarta,2 tahun,Gaji Kompetitif
MARKETING FORWARDING,PT Java Logistics International,Surabaya - Surabaya,3 tahun,IDR 5.000.000 - 10.000.000
PROJECT MARKETING,PT Java Logistics International,Surabaya - Surabaya,3 tahun,IDR 5.000.000 - 10.000.000
MARKETING MANAGER FORWARDING,PT Java Logistics International,Surabaya - Surabaya,3 tahun,IDR 10.000.000 - 15.000.000
Beauty Consultant (Marketing) - SOLO,PERSOLKELLY Recruitment Indonesia,Solo - Surakarta,Setidaknya 1 tahun,IDR 2.000.000 - 2.500.000
Marketing leasing area banyuwangi,PT Bahtera Pesat Lintasbuana,banyuwangi - Banyuwangi,Setidaknya 1 tahun,IDR 2.300.000 - 3.000.000
Marketing Logistik,PT Mitra Adi Persada,Head Office Surabaya - Surabaya,Setidaknya 1 tahun,Gaji Kompetitif
Sales & Marketing Manager - Consumer Goods (B-82441),PT RGF Human Resources Agent Indonesia,Jakarta Pusat - Prov. DKI-Jakarta,8 tahun,IDR 14.000.000 - 17.000.000
Marketing,PT Minori,head office - Bekasi,3 tahun,IDR 5.500.000 - 7.000.000
Marketing Pinjaman Batang Jateng,PT Danamas Insan Kreasi Andalan (DIKA),Batang - Batang,0 tahun,IDR 2.132.000 - 2.132.535
Marketing Officer - Polyester Film Manufacture (B-82562),PT RGF Human Resources Agent Indonesia,Jakarta Selatan - Prov. DKI-Jakarta,2 tahun,IDR 7.000.000 - 10.000.000
CREDIT MARKETING OFFICER - PEKALONGAN,PT. Arthaasia Finance,PEKALONGAN - Pekalongan,Setidaknya 1 tahun,IDR 2.100.000 - 3.000.000
Staf Marketing,Confidential Company,Ketapang - Prov. Kalimantan Barat,Setidaknya 1 tahun,Gaji Kompetitif
Staf Marketing,Confidential Company,Pontianak - Pontianak,Setidaknya 1 tahun,Gaji Kompetitif
Staf Marketing (Penempatan : Pekalongan),Confidential Company,Pekalongan - ,0 tahun,Gaji Kompetitif
Sales Marketing (skincare),PERSOLKELLY Recruitment Indonesia,Prov. Bali - Prov. Bali,Setidaknya 1 tahun,IDR 2.000.000 - 3.000.000
senior marketing (surabaya),PT Valbury Asia Futures,Tunjungan Plaza 5 - Surabaya,0 tahun,IDR 4.000.000 - 10.000.000
TEMARKETING CALL CENTER   ( Khusus WANITA ),Holiday Call Centre - Cambodia,"2 Thnou St, Krong Preah Sihanouk, Cambodia - Prov. Apa saja",0 tahun,IDR 4.000.000 - 8.000.000
TELEMARKETING WANITA,Holiday Call Centre - Cambodia,JAKARTA BARAT - Prov. DKI-Jakarta,0 tahun,IDR 5.500.000 - 10.000.000
Sales Marketing Executive - Pet Food (B-82574),PT RGF Human Resources Agent Indonesia,Jakarta - Prov. DKI-Jakarta,3 tahun,IDR 10.000.000 - 18.000.000
Tour Marketing Manager,PT Dago Wisata Internasional,head office - Bandung,2 tahun,Gaji Kompetitif
Sales & Marketing Staff - Jepara,PT Elabram Systems,Prov. Jawa Tengah - Prov. Jawa Tengah,Setidaknya 1 tahun,IDR 2.100.000 - 3.000.000
Sales Marketing Khusus wanita,PT Adam Indonesia,head office - Jakarta Barat,0 tahun,Gaji Kompetitif
Staf Marketing (Penempatan : Kedoya),Confidential Company,Kedoya - Prov. DKI-Jakarta,0 tahun,Gaji Kompetitif
Sales/Marketing Semarang,PT Magada Tirta Amerta,Semarang - Semarang,0 tahun,Gaji Kompetitif
Staf Marketing (Penempatan : Cilacap),PT BCA Multi Finance,Cilacap - Cilacap,0 tahun,IDR 2.000.000 - 2.230.732
Staf Marketing (Penempatan : Purwokerto),Confidential Company,Purwokerto - Purwokerto,0 tahun,IDR 1.000.000 - 1.812.935
Sales & Marketing Staff (Cushion Cover),PT Elabram Systems,head office - Jakarta Pusat,0 tahun,Gaji Kompetitif
Staf Marketing (Penempatan : Magelang),PT BCA Multi Finance,Magelang - ,0 tahun,IDR 2.000.000 - 2.081.807
Staf Marketing (Penempatan : Sunter),Confidential Company,Sunter  - Prov. DKI-Jakarta,0 tahun,Gaji Kompetitif
Credit Marketing Officer Mobil - Cilegon,PT Mega Central Finance,Cilegon - Cilegon,Setidaknya 1 tahun,Gaji Kompetitif
Marketing Communication Officer,PT Juara Raga Adidaya,head office - Jakarta Barat,3 tahun,Gaji Kompetitif
Digital Marketing,PT Magada Tirta Amerta,Palembang - Palembang,0 tahun,Gaji Kompetitif
Credit Marketing Officer Mobil - Jambi,PT Mega Central Finance,Jambi - Jambi,Setidaknya 1 tahun,Gaji Kompetitif
Credit Marketing Officer Mobil - Balikpapan,PT Mega Central Finance,Balikpapan - Balikpapan,Setidaknya 1 tahun,Gaji Kompetitif
Staf Marketing (Penempatan : Tangerang),PT BCA Multi Finance,Tangerang - ,0 tahun,Gaji Kompetitif
CREDIT MARKETING OFFICER - BALIKPAPAN,PT. Arthaasia Finance,BALIKPAPAN - Balikpapan,Setidaknya 1 tahun,Gaji Kompetitif
Credit Marketing Officer Mobil - Malang,PT Mega Central Finance,Malang - Malang,Setidaknya 1 tahun,Gaji Kompetitif
Sales Marketing Consultant Mobil,PT Elabram Systems,head office - Jakarta Pusat,Setidaknya 1 tahun,IDR 3.200.000 - 3.300.000
Staf Marketing (Penempatan : Yogyakarta),PT BCA Multi Finance,Yogyakarta - Prov. DI-Yogyakarta,0 tahun,IDR 1.000.000 - 1.840.915
Staf Marketing (Penempatan : Ciputat),PT BCA Multi Finance,Ciputat - ,0 tahun,IDR 4.000.000 - 4.641.854
Sales/Marketing Jakarta,PT Magada Tirta Amerta,Head Office - Jakarta Selatan,Setidaknya 1 tahun,Gaji Kompetitif
 Sales Marketing Promotor Handphone & Laptop ,PT Elabram Systems,head office - Jakarta Pusat,Setidaknya 1 tahun,IDR 4.000.000 - 4.200.000
Senior Marketing and Business Development Program -el,PT Sinergi Cipta Ananta (Baroroh Elbariah),FP One - Jakarta Pusat,5 tahun,IDR 6.000.000 - 15.000.000
CS Marketing,PT Daya Eka Samudera Jakarta,head office - Jakarta Barat,Setidaknya 1 tahun,Gaji Kompetitif
Digital Marketing Batam,PT Magada Tirta Amerta,Batam - Batam,0 tahun,Gaji Kompetitif
Credit Marketing Officer Mobil - Semarang,PT Mega Central Finance,Semarang - Semarang,Setidaknya 1 tahun,Gaji Kompetitif
DIGITAL MARKETING (Kode : DM),PT Metaguna Innova,head office - Depok,Setidaknya 1 tahun,Gaji Kompetitif
Sales & Marketing Manager (Cushion Cover),PT Elabram Systems,head office - Jakarta Pusat,0 tahun,Gaji Kompetitif
Credit Marketing Officer Mobil - Cirebon,PT Mega Central Finance,Cirebon - Cirebon,Setidaknya 1 tahun,Gaji Kompetitif
Credit Marketing Officer Mobil - Samarinda,PT Mega Central Finance,Samarinda - Samarinda,Setidaknya 1 tahun,Gaji Kompetitif
MARKETING MANAGER,Power Vision,Power Vision - Jakarta Barat,3 tahun,IDR 6.000.000 - 10.000.000
Marketing Digital / marcom,PT. Trimega Citra Nusantara,head office - Jakarta Barat,3 tahun,IDR 4.000.000 - 6.000.000
CREDIT MARKETING OFFICER - SOLO,PT. Arthaasia Finance,SOLO - Solo,Setidaknya 1 tahun,Gaji Kompetitif
Credit Marketing Officer Mobil - Tangerang,PT Mega Central Finance,Tangerang - Tangerang,Setidaknya 1 tahun,Gaji Kompetitif
MARKETING,PT BPR Dian Faraqo Gemilang,Bekasi - Bekasi,2 tahun,Gaji Kompetitif
Credit Marketing Officer Mobil - Pekanbaru,PT Mega Central Finance,Pekanbaru - Pekanbaru,Setidaknya 1 tahun,Gaji Kompetitif
Credit Marketing Officer Mobil - Medan,PT Mega Central Finance,Medan - Medan,Setidaknya 1 tahun,Gaji Kompetitif
Credit Marketing Officer Mobil - Pontianak,PT Mega Central Finance,Pontianak - Pontianak,Setidaknya 1 tahun,Gaji Kompetitif
Sales & Marketing Asuransi Prudential,PT Sinergi Cipta Ananta (Baroroh Elbariah),FP One - Jakarta Pusat,3 tahun,IDR 5.000.000 - 30.000.000
Sales & Marketing Business PV,PT Sinergi Cipta Ananta (Baroroh Elbariah),FP One - Jakarta Pusat,3 tahun,IDR 6.000.000 - 25.000.000
MARKETING B2B,PT Selular Indo Pratama,head office - Jakarta Utara,3 tahun,Gaji Kompetitif
PRODUCT MARKETING,PT Selular Indo Pratama,head office - Jakarta Utara,3 tahun,Gaji Kompetitif
Credit Marketing Officer Mobil - Yogyakarta,PT Mega Central Finance,Yogyakarta - Yogyakarta,Setidaknya 1 tahun,Gaji Kompetitif
Credit Marketing Officer Motor - Nias Selatan,PT Mega Central Finance,Nias Selatan - ,Setidaknya 1 tahun,Gaji Kompetitif
Technical Marketing (Chef),PT SENFIENTA PRIMA TAMA,head office - Jakarta Pusat,Setidaknya 1 tahun,Gaji Kompetitif
Team Leader Marketing,Power Vision,Power Vision - Jakarta Barat,2 tahun,IDR 6.000.000 - 10.000.000
Credit Marketing Officer Motor - Dairi,PT Mega Central Finance,Dairi - ,Setidaknya 1 tahun,Gaji Kompetitif
Credit Marketing Officer Mobil - Jakarta Timur,PT Mega Central Finance,Jakarta Timur - Jakarta Timur,Setidaknya 1 tahun,Gaji Kompetitif
Credit Marketing Officer Motor - Simalungun,PT Mega Central Finance,Simalungun - ,Setidaknya 1 tahun,Gaji Kompetitif
Credit Marketing Officer Motor - Mandailing Natal,PT Mega Central Finance,Mandailing Natal - ,Setidaknya 1 tahun,Gaji Kompetitif
Credit Marketing Officer Motor - Padang Lawas Utara,PT Mega Central Finance,Padang Lawas Utara - ,Setidaknya 1 tahun,Gaji Kompetitif
Credit Marketing Officer Mobil - Palembang,PT Mega Central Finance,Palembang - Palembang,Setidaknya 1 tahun,Gaji Kompetitif
Credit Marketing Officer Motor - Labuhanbatu,PT Mega Central Finance,Labuhanbatu - ,Setidaknya 1 tahun,Gaji Kompetitif
Credit Marketing Officer Motor - Jombang,PT Mega Central Finance,Jombang - Jombang,Setidaknya 1 tahun,Gaji Kompetitif
Marketing Property,PT Prima Yasa Banguntama,Serang - Serang,Setidaknya 1 tahun,Gaji Kompetitif
Credit Marketing Officer Motor - Sibolga,PT Mega Central Finance,Sibolga - ,Setidaknya 1 tahun,Gaji Kompetitif
CREDIT MARKETING OFFICER - KEDIRI,PT. Arthaasia Finance,KEDIRI - Kediri,Setidaknya 1 tahun,Gaji Kompetitif
Credit Marketing Officer Mobil - Bandar Lampung,PT Mega Central Finance,Bandar Lampung - Bandarlampung,Setidaknya 1 tahun,Gaji Kompetitif
CREDIT MARKETING OFFICER - SEMARANG,PT. Arthaasia Finance,SEMARANG - Semarang,Setidaknya 1 tahun,Gaji Kompetitif
Credit Marketing Officer Motor - Deli Serdang,PT Mega Central Finance,Deli Serdang - ,Setidaknya 1 tahun,Gaji Kompetitif
Credit Marketing Officer Motor - Padangsidempuan,PT Mega Central Finance,Padangsidempuan - Padangsidempuan,Setidaknya 1 tahun,Gaji Kompetitif
Credit Marketing Officer Motor - Nias Utara,PT Mega Central Finance,Nias Utara - ,Setidaknya 1 tahun,Gaji Kompetitif
Credit Marketing Officer Mobil - Bekasi,PT Mega Central Finance,Bekasi - Bekasi,Setidaknya 1 tahun,Gaji Kompetitif
Credit Marketing Officer Motor - Nias Barat,PT Mega Central Finance,Nias Barat - ,Setidaknya 1 tahun,Gaji Kompetitif
Credit Marketing Officer Mobil - Batam,PT Mega Central Finance,Batam - Batam,Setidaknya 1 tahun,Gaji Kompetitif
Credit Marketing Officer Motor - Pematang Siantar,PT Mega Central Finance,Pematang Siantar - ,Setidaknya 1 tahun,Gaji Kompetitif
Credit Marketing Officer Motor - Pamekasan,PT Mega Central Finance,Pamekasan - ,Setidaknya 1 tahun,Gaji Kompetitif
Credit Marketing Officer Mobil - Depok,PT Mega Central Finance,Depok - Depok,Setidaknya 1 tahun,Gaji Kompetitif
Credit Marketing Officer Motor - Asahan,PT Mega Central Finance,Asahan - ,Setidaknya 1 tahun,Gaji Kompetitif
Credit Marketing Officer Mobil - Jakarta Barat,PT Mega Central Finance,Jakarta Barat - Jakarta Barat,Setidaknya 1 tahun,Gaji Kompetitif
Credit Marketing Officer Motor - Toba Samosir,PT Mega Central Finance,Toba Samosir - ,Setidaknya 1 tahun,Gaji Kompetitif
Digital Marketing Assistant Manager,PT Personel Alih Daya ( PERSADA ),head office - Jakarta Selatan,5 tahun,IDR 8.000.000 - 12.000.000
Credit Marketing Officer Motor - Kuantan Singingi,PT Mega Central Finance,Kuantan Singingi - ,Setidaknya 1 tahun,Gaji Kompetitif
Live Streamer (Digital Marketing),PT Rpay Finansial Digital Indonesia,Jakarta Pusat - Prov. DKI-Jakarta,3 tahun,Gaji Kompetitif
Credit Marketing Officer Motor - Kampar,PT Mega Central Finance,Kampar - ,Setidaknya 1 tahun,Gaji Kompetitif
Marketing (surabaya),PT Valbury Asia Futures,Tunjungan Plaza 5 - Surabaya,0 tahun,IDR 4.000.000 - 10.000.000
Performance Marketing,PT Ethos Kreatif Indonesia,Jakarta Selatan - Prov. DKI-Jakarta,3 tahun,Gaji Kompetitif
Marketing,SIMU Indonesia,head office - Jakarta Selatan,2 tahun,Gaji Kompetitif
Telemarketing - Pluit (Jakarta Utara),PT Khan Yoga Fit,Just Yoga Academy Pluit Junction Mall - Jakarta Utara,0 tahun,Gaji Kompetitif
Credit Marketing Officer Motor - Rokan Hulu,PT Mega Central Finance,Rokan Hulu - ,Setidaknya 1 tahun,Gaji Kompetitif
Credit Marketing Officer Mobil - Karawang,PT Mega Central Finance,Karawang - Karawang,Setidaknya 1 tahun,Gaji Kompetitif
Credit Marketing Officer Mobil - Jakarta Pusat,PT Mega Central Finance,Jakarta Pusat - Jakarta Pusat,Setidaknya 1 tahun,Gaji Kompetitif
Credit Marketing Officer Motor - Rokan Hilir,PT Mega Central Finance,Rokan Hilir - ,Setidaknya 1 tahun,Gaji Kompetitif
Staf Marketing,Confidential Company,Balikpapan - Balikpapan,Setidaknya 1 tahun,Gaji Kompetitif
Credit Marketing Officer Motor - Dumai,PT Mega Central Finance,Dumai - ,Setidaknya 1 tahun,Gaji Kompetitif
Credit Marketing Officer Motor - Pelalawan,PT Mega Central Finance,Pelalawan - ,Setidaknya 1 tahun,Gaji Kompetitif
CREDIT MARKETING OFFICER - CIREBON,PT. Arthaasia Finance,CIREBON - Cirebon,Setidaknya 1 tahun,Gaji Kompetitif
Sales & Marketing Property,PT Dian Permana,head office - Surabaya,Setidaknya 1 tahun,Gaji Kompetitif
Credit Marketing Officer Motor - Binjai,PT Mega Central Finance,Binjai - Binjai,Setidaknya 1 tahun,Gaji Kompetitif
Credit Marketing Officer Motor - Grobogan,PT Mega Central Finance,Grobogan - ,Setidaknya 1 tahun,Gaji Kompetitif
Marketing ,Masif Perigi Ulung,head office - Jakarta Selatan,0 tahun,IDR 2.000.000 - 6.000.000
Credit Marketing Officer Mobil - Jakarta Selatan,PT Mega Central Finance,Jakarta Selatan - Jakarta Selatan,Setidaknya 1 tahun,Gaji Kompetitif
JAKARTA BARAT TELKOM Marketing Sales INDIHOME,PT Rajawali Anugrah Resources,Jakarta Barat - Jakarta Barat,0 tahun,IDR 3.500.000 - 5.500.000
Credit Marketing Officer Motor - Pekanbaru,PT Mega Central Finance,Pekanbaru - Pekanbaru,Setidaknya 1 tahun,Gaji Kompetitif
Sales & Marketing Staff ,PT Elabram Systems,head office - Jakarta Pusat,0 tahun,IDR 2.100.000 - 3.000.000
Marketing Staff,PT Panelindo Graha Nusantara,Head Office - Jakarta Pusat,Setidaknya 1 tahun,Gaji Kompetitif
Credit Marketing Officer Motor - Probolinggo,PT Mega Central Finance,Probolinggo - Probolinggo,Setidaknya 1 tahun,Gaji Kompetitif
Credit Marketing Officer Motor - Pekalongan,PT Mega Central Finance,Pekalongan - Pekalongan,Setidaknya 1 tahun,Gaji Kompetitif
Credit Marketing Officer Motor - Banjarnegara,PT Mega Central Finance,Banjarnegara - Banjarnegara,Setidaknya 1 tahun,Gaji Kompetitif
Credit Marketing Officer Motor - Pringsewu,PT Mega Central Finance,Pringsewu - ,Setidaknya 1 tahun,Gaji Kompetitif
Credit Marketing Officer Motor - Mesuji,PT Mega Central Finance,Mesuji - ,Setidaknya 1 tahun,Gaji Kompetitif
Credit Marketing Officer Motor - Lampung Timur,PT Mega Central Finance,Lampung Timur - ,Setidaknya 1 tahun,Gaji Kompetitif
Credit Marketing Officer Motor - Pesisir Barat,PT Mega Central Finance,Pesisir Barat - ,Setidaknya 1 tahun,Gaji Kompetitif
Telemarketing Officer,PT Sequis Financial,head office - Jakarta,0 tahun,Gaji Kompetitif
Credit Marketing Officer Motor - Tulang Bawang,PT Mega Central Finance,Tulang Bawang - ,Setidaknya 1 tahun,Gaji Kompetitif
Staf Marketing (Penempatan : Purwodadi),PT BCA Multi Finance,Purwodadi - Purwodadi,0 tahun,Gaji Kompetitif
Sales Marketing Kontraktor,PT Rucita Indah Sejahtera,Serang - Serang,2 tahun,Gaji Kompetitif
Credit Marketing Officer Motor - Way Kanan,PT Mega Central Finance,Way Kanan - ,Setidaknya 1 tahun,Gaji Kompetitif
Credit Marketing Officer Motor - Lampung Barat,PT Mega Central Finance,Lampung Barat - ,Setidaknya 1 tahun,Gaji Kompetitif
Credit Marketing Officer Motor - Lampung Utara,PT Mega Central Finance,Lampung Utara - ,Setidaknya 1 tahun,Gaji Kompetitif
BAGIAN MARKETING/SALES,PT Kharisma Estetika Indonesia ,Tangerang - Tangerang,0 tahun,Gaji Kompetitif
Credit Marketing Officer Motor - Medan,PT Mega Central Finance,Medan - Medan,Setidaknya 1 tahun,Gaji Kompetitif
Credit Marketing Officer Motor - Tanggamus,PT Mega Central Finance,Tanggamus - ,Setidaknya 1 tahun,Gaji Kompetitif
Credit Marketing Officer Motor - Lampung Selatan,PT Mega Central Finance,Lampung Selatan - ,Setidaknya 1 tahun,Gaji Kompetitif
Credit Marketing Officer Motor - Cikarang,PT Mega Central Finance,Cikarang - Cikarang,Setidaknya 1 tahun,Gaji Kompetitif
Credit Marketing Officer Motor - Metro,PT Mega Central Finance,Metro - ,Setidaknya 1 tahun,Gaji Kompetitif
Credit Marketing Officer Motor - Tulang Bawang Barat,PT Mega Central Finance,Tulang Bawang Barat - ,Setidaknya 1 tahun,Gaji Kompetitif
Credit Marketing Officer Motor - Bandar Lampung,PT Mega Central Finance,Bandar Lampung - Bandarlampung,Setidaknya 1 tahun,Gaji Kompetitif
Marketing Pensiunan Tangerang,PT Bahtera Pesat Lintasbuana,Tangerang - Tangerang,Setidaknya 1 tahun,IDR 4.300.000 - 5.000.000
Credit Marketing Officer Motor - Lampung Tengah,PT Mega Central Finance,Lampung Tengah - ,Setidaknya 1 tahun,Gaji Kompetitif
Credit Marketing Officer Motor - Tanjung Pinang,PT Mega Central Finance,Tanjung Pinang - Tanjung Pinang,Setidaknya 1 tahun,Gaji Kompetitif
Credit Marketing Officer Motor - Bintan,PT Mega Central Finance,Bintan - ,Setidaknya 1 tahun,Gaji Kompetitif
"Staf Marketing (Penempatan : Cimahi, Bandung)",PT BCA Multi Finance,Bandung - Bandung,0 tahun,Gaji Kompetitif
Credit Marketing Officer Motor - Merangin,PT Mega Central Finance,Merangin - ,Setidaknya 1 tahun,Gaji Kompetitif
Credit Marketing Officer Motor - Batanghari,PT Mega Central Finance,Batanghari - Prov. Jambi,Setidaknya 1 tahun,Gaji Kompetitif
CREDIT MARKETING OFFICER - KARAWANG,PT. Arthaasia Finance,HEAD OFFICE - Prov. DKI-Jakarta,Setidaknya 1 tahun,Gaji Kompetitif
Credit Marketing Officer Motor - Tanjung Jabung Barat,PT Mega Central Finance,Tanjung Jabung Barat - ,Setidaknya 1 tahun,Gaji Kompetitif
MARKETING STAFF,PT MW Chemindo,head office - Bekasi,0 tahun,Gaji Kompetitif
Credit Marketing Officer Motor - Aceh Tengah,PT Mega Central Finance,Aceh Tengah - ,Setidaknya 1 tahun,Gaji Kompetitif
Credit Marketing Officer Motor - Pidie,PT Mega Central Finance,Pidie - ,Setidaknya 1 tahun,Gaji Kompetitif
Credit Marketing Officer Motor - Aceh Barat Daya,PT Mega Central Finance,Aceh Barat Daya - ,Setidaknya 1 tahun,Gaji Kompetitif
Credit Marketing Officer Motor - Tebo,PT Mega Central Finance,Tebo - ,Setidaknya 1 tahun,Gaji Kompetitif
Telemarketing Officer,Masif Perigi Ulung,head office - Jakarta Selatan,Setidaknya 1 tahun,IDR 2.000.000 - 6.000.000
Credit Marketing Officer Mobil - Bandung,PT Mega Central Finance,Bandung - Bandung,Setidaknya 1 tahun,Gaji Kompetitif
Credit Marketing Officer Motor - Bungo,PT Mega Central Finance,Bungo - ,Setidaknya 1 tahun,Gaji Kompetitif
Credit Marketing Officer Mobil - Surabaya,PT Mega Central Finance,Surabaya - Surabaya,Setidaknya 1 tahun,Gaji Kompetitif
Credit Marketing Officer Motor - Aceh Tamiang,PT Mega Central Finance,Aceh Tamiang - ,Setidaknya 1 tahun,Gaji Kompetitif
Credit Marketing Officer Motor - Aceh Barat,PT Mega Central Finance,Aceh Barat - ,Setidaknya 1 tahun,Gaji Kompetitif
Credit Marketing Officer Motor - Tegal,PT Mega Central Finance,Tegal - Tegal,Setidaknya 1 tahun,Gaji Kompetitif
Credit Marketing Officer Motor - Jambi,PT Mega Central Finance,Jambi - Jambi,Setidaknya 1 tahun,Gaji Kompetitif
Credit Marketing Officer Motor - Aceh Tenggara,PT Mega Central Finance,Aceh Tenggara - ,Setidaknya 1 tahun,Gaji Kompetitif
CREDIT MARKETING OFFICER - YOGYAKARTA,PT. Arthaasia Finance,YOGYAKARTA - Prov. DI-Yogyakarta,2 tahun,IDR 2.500.000 - 4.500.000
Marketing ,karir.com,head office - Prov. DKI-Jakarta,Setidaknya 1 tahun,IDR 7.000.000 - 10.000.000
Credit Marketing Officer Motor - Batam,PT Mega Central Finance,Batam - Batam,Setidaknya 1 tahun,Gaji Kompetitif
Credit Marketing Officer Motor - Wajo,PT Mega Central Finance,Wajo - ,Setidaknya 1 tahun,Gaji Kompetitif
Credit Marketing Officer Motor - Wakatobi,PT Mega Central Finance,Wakatobi - ,Setidaknya 1 tahun,Gaji Kompetitif
Credit Marketing Officer Motor - Sinjai,PT Mega Central Finance,Sinjai - ,Setidaknya 1 tahun,Gaji Kompetitif
Credit Marketing Officer Motor - Muna,PT Mega Central Finance,Muna - ,Setidaknya 1 tahun,Gaji Kompetitif
Credit Marketing Officer Motor - Luwu Utara,PT Mega Central Finance,Luwu Utara - ,Setidaknya 1 tahun,Gaji Kompetitif
CREDIT MARKETING OFFICER - PEKANBARU,PT. Arthaasia Finance,PEKANBARU - Pekanbaru,Setidaknya 1 tahun,Gaji Kompetitif
Credit Marketing Officer Motor - Maros,PT Mega Central Finance,Maros - ,Setidaknya 1 tahun,Gaji Kompetitif
Credit Marketing Officer Motor - Luwu Timur,PT Mega Central Finance,Luwu Timur - ,Setidaknya 1 tahun,Gaji Kompetitif
Credit Marketing Officer Motor - Mamuju,PT Mega Central Finance,Mamuju - ,Setidaknya 1 tahun,Gaji Kompetitif
Credit Marketing Officer Motor - Palu,PT Mega Central Finance,Palu - Palu,Setidaknya 1 tahun,Gaji Kompetitif
Credit Marketing Officer Motor - Konawe,PT Mega Central Finance,Konawe - ,Setidaknya 1 tahun,Gaji Kompetitif
Credit Marketing Officer Motor - Kolaka,PT Mega Central Finance,Kolaka - ,Setidaknya 1 tahun,Gaji Kompetitif
Credit Marketing Officer Motor - Luwu,PT Mega Central Finance,Luwu - ,Setidaknya 1 tahun,Gaji Kompetitif
Marketing Staff,ASABA GROUP,Prov. DKI-Jakarta - Prov. DKI-Jakarta,3 tahun,Gaji Kompetitif
Marketing Executive,PT Best Mega Industri,Makasar - Makassar,3 tahun,Gaji Kompetitif
Credit Marketing Officer Motor - Konawe Utara,PT Mega Central Finance,Konawe Utara - ,Setidaknya 1 tahun,Gaji Kompetitif
Credit Marketing Officer Motor - Parepare,PT Mega Central Finance,Parepare - ,Setidaknya 1 tahun,Gaji Kompetitif
MARKETING FUNDING,PT Intrias Mandiri Sejati (IMS),head office - Prov. DKI-Jakarta,Setidaknya 1 tahun,IDR 4.500.000 - 5.500.000
Credit Marketing Officer Motor - Palopo,PT Mega Central Finance,Palopo - ,Setidaknya 1 tahun,Gaji Kompetitif
Credit Marketing Officer Motor - Kendari,PT Mega Central Finance,Kendari - Kendari,Setidaknya 1 tahun,Gaji Kompetitif
Credit Marketing Officer Motor - Banda Aceh,PT Mega Central Finance,Banda Aceh - Banda Aceh,Setidaknya 1 tahun,Gaji Kompetitif
Credit Marketing Officer Motor - Gowa,PT Mega Central Finance,Gowa - ,Setidaknya 1 tahun,Gaji Kompetitif
Credit Marketing Officer Motor - Polewali Mandar,PT Mega Central Finance,Polewali Mandar - ,Setidaknya 1 tahun,Gaji Kompetitif
Credit Marketing Officer Motor - Bulukumba,PT Mega Central Finance,Bulukumba - ,Setidaknya 1 tahun,Gaji Kompetitif
Credit Marketing Officer Mobil - Bogor,PT Mega Central Finance,Bogor - Bogor,Setidaknya 1 tahun,Gaji Kompetitif
Credit Marketing Officer Motor - Bau-Bau,PT Mega Central Finance,Bau-Bau - ,Setidaknya 1 tahun,Gaji Kompetitif
HEAD OF MARKETING INSURANCE,Power Vision,Power Vision - Jakarta Barat,2 tahun,IDR 8.000.000 - 10.000.000
Credit Marketing Officer Motor - Ogan Komering Ilir,PT Mega Central Finance,Ogan Komering Ilir - ,Setidaknya 1 tahun,Gaji Kompetitif
Credit Marketing Officer Motor - Seluma,PT Mega Central Finance,Seluma - ,Setidaknya 1 tahun,Gaji Kompetitif
Freelance Digital Marketing ,Confidential Company,Head Office - Jakarta Selatan,Setidaknya 1 tahun,Gaji Kompetitif
Credit Marketing Officer Motor - Ogan Ilir,PT Mega Central Finance,Ogan Ilir - ,Setidaknya 1 tahun,Gaji Kompetitif
Credit Marketing Officer Motor - Lahat,PT Mega Central Finance,Lahat - ,Setidaknya 1 tahun,Gaji Kompetitif
Credit Marketing Officer Motor - Banyuasin,PT Mega Central Finance,Banyuasin - ,Setidaknya 1 tahun,Gaji Kompetitif
Credit Marketing Officer Motor - Mukomuko,PT Mega Central Finance,Mukomuko - ,Setidaknya 1 tahun,Gaji Kompetitif
Credit Marketing Officer Motor - Bengkulu Selatan,PT Mega Central Finance,Bengkulu Selatan - Prov. Bengkulu,Setidaknya 1 tahun,Gaji Kompetitif
Credit Marketing Officer Motor - Paser,PT Mega Central Finance,Paser - ,Setidaknya 1 tahun,Gaji Kompetitif
Credit Marketing Officer Motor - Samarinda,PT Mega Central Finance,Samarinda - Samarinda,Setidaknya 1 tahun,Gaji Kompetitif
Credit Marketing Officer Motor - Palembang,PT Mega Central Finance,Palembang - Palembang,Setidaknya 1 tahun,Gaji Kompetitif
Credit Marketing Officer Motor - Bengkulu,PT Mega Central Finance,Bengkulu - Bengkulu,Setidaknya 1 tahun,Gaji Kompetitif
Credit Marketing Officer Motor - Kutai Kartanegara,PT Mega Central Finance,Kutai Kartanegara - ,Setidaknya 1 tahun,Gaji Kompetitif
Credit Marketing Officer Motor - Tabalong,PT Mega Central Finance,Tabalong - ,Setidaknya 1 tahun,Gaji Kompetitif
Marketing Representative,PT Hon Chuan Indonesia,Cikarang Plant - Cikarang,Setidaknya 1 tahun,Gaji Kompetitif
Credit Marketing Officer Motor - Kotawaringin Timur,PT Mega Central Finance,Kotawaringin Timur - ,Setidaknya 1 tahun,Gaji Kompetitif
Credit Marketing Officer Motor - Lhokseumawe,PT Mega Central Finance,Lhokseumawe - Lhokseumawe,Setidaknya 1 tahun,Gaji Kompetitif
Credit Marketing Officer Motor - Tapin,PT Mega Central Finance,Tapin - ,Setidaknya 1 tahun,Gaji Kompetitif
Credit Marketing Officer Motor - Penajam Paser Utara,PT Mega Central Finance,Penajam Paser Utara - ,Setidaknya 1 tahun,Gaji Kompetitif
DIGITAL MARKETING,PT Karya Laili Mendunia,head office - Surabaya,Setidaknya 1 tahun,Gaji Kompetitif
Credit Marketing Officer Motor - Palangkaraya,PT Mega Central Finance,Palangkaraya - Palangkaraya,Setidaknya 1 tahun,Gaji Kompetitif
Credit Marketing Officer Motor - Kutai Timur,PT Mega Central Finance,Kutai Timur - ,Setidaknya 1 tahun,Gaji Kompetitif
Marketing Manager,PT Boga Inti (Boga Group),Head Office - Tangerang,3 tahun,Gaji Kompetitif
Credit Marketing Officer Motor - Lamandau,PT Mega Central Finance,Lamandau - ,Setidaknya 1 tahun,Gaji Kompetitif
Credit Marketing Officer Motor - Kapuas,PT Mega Central Finance,Kapuas - ,Setidaknya 1 tahun,Gaji Kompetitif
Credit Marketing Officer Motor - Katingan,PT Mega Central Finance,Katingan - ,Setidaknya 1 tahun,Gaji Kompetitif
CREDIT MARKETING OFFICER - PALEMBANG,PT. Arthaasia Finance,PALEMBANG - Palembang,Setidaknya 1 tahun,Gaji Kompetitif
Credit Marketing Officer Motor - Bengkulu Utara,PT Mega Central Finance,Bengkulu Utara - ,Setidaknya 1 tahun,Gaji Kompetitif
Credit Marketing Officer Motor - Tanah Laut,PT Mega Central Finance,Tanah Laut - ,Setidaknya 1 tahun,Gaji Kompetitif
Credit Marketing Officer Motor - Kotawaringin Barat,PT Mega Central Finance,Kotawaringin Barat - ,Setidaknya 1 tahun,Gaji Kompetitif
Credit Marketing Officer Motor - Bontang,PT Mega Central Finance,Bontang - ,Setidaknya 1 tahun,Gaji Kompetitif
Credit Marketing Officer Motor - Tanah Bumbu,PT Mega Central Finance,Tanah Bumbu - ,Setidaknya 1 tahun,Gaji Kompetitif
Credit Marketing Officer Motor - Banjarmasin,PT Mega Central Finance,Banjarmasin - Banjarmasin,Setidaknya 1 tahun,Gaji Kompetitif
Corporate Marketing Communications,PT Mitra Utama Agathon,The Agathon Building - Tangerang,3 tahun,IDR 5.500.000 - 9.500.000
Credit Marketing Officer Motor - Banjarbaru,PT Mega Central Finance,Banjarbaru - ,Setidaknya 1 tahun,Gaji Kompetitif
Credit Marketing Officer Motor - Demak,PT Mega Central Finance,Demak - Demak,Setidaknya 1 tahun,Gaji Kompetitif
Manager Marketing Khusus Pria,PT Adam Indonesia,head office - Jakarta Barat,2 tahun,Gaji Kompetitif
Staff Marketing Communication,PT Mitra Cipta Hardi Elektrindo,head office - Jakarta Pusat,2 tahun,Gaji Kompetitif
Credit Marketing Officer Motor - Balikpapan,PT Mega Central Finance,Balikpapan - Balikpapan,Setidaknya 1 tahun,Gaji Kompetitif
Credit Marketing Officer Motor - Yogyakarta,PT Mega Central Finance,Yogyakarta - Yogyakarta,Setidaknya 1 tahun,Gaji Kompetitif
Credit Marketing Officer Motor - Kebumen,PT Mega Central Finance,Kebumen - ,Setidaknya 1 tahun,Gaji Kompetitif
Marketing Relationship & Secretary,PT Asuransi Ramayana Tbk,PT Asuransi Ramayana Tbk - Prov. DKI-Jakarta,0 tahun,Gaji Kompetitif
Credit Marketing Officer Motor - Semarang,PT Mega Central Finance,Semarang - Semarang,Setidaknya 1 tahun,Gaji Kompetitif
Credit Marketing Officer Motor - Banyumas,PT Mega Central Finance,Banyumas - Banyumas,Setidaknya 1 tahun,Gaji Kompetitif
Credit Marketing Officer Motor - Brebes,PT Mega Central Finance,Brebes - Brebes,Setidaknya 1 tahun,Gaji Kompetitif
Credit Marketing Officer Motor - Pemalang,PT Mega Central Finance,Pemalang - Pemalang,Setidaknya 1 tahun,Gaji Kompetitif
Credit Marketing Officer Motor - Sleman,PT Mega Central Finance,Sleman - Sleman,Setidaknya 1 tahun,Gaji Kompetitif
Credit Marketing Officer Motor - Purbalingga,PT Mega Central Finance,Purbalingga - Purbalingga,Setidaknya 1 tahun,Gaji Kompetitif
Credit Marketing Officer Motor - Cilacap,PT Mega Central Finance,Cilacap - Cilacap,Setidaknya 1 tahun,Gaji Kompetitif
Credit Marketing Officer Motor - Jepara,PT Mega Central Finance,Jepara - Jepara,Setidaknya 1 tahun,Gaji Kompetitif
MARKETING STAFF,PT Bondor Indonesia,Kawasan Industri Sentul - Bogor,3 tahun,IDR 5.000.000 - 6.000.000
Sales & Account Executive (Influencer Marketing),PT Tellscore International Indonesia,head office - Jakarta Selatan,3 tahun,IDR 8.000.000 - 13.000.000
Credit Marketing Officer Motor - Bima,PT Mega Central Finance,Bima - ,Setidaknya 1 tahun,Gaji Kompetitif
Credit Marketing Officer Motor - Salatiga,PT Mega Central Finance,Salatiga - Salatiga,Setidaknya 1 tahun,Gaji Kompetitif
Credit Marketing Officer Motor - Kendal,PT Mega Central Finance,Kendal - Kendal,Setidaknya 1 tahun,Gaji Kompetitif
Credit Marketing Officer Motor - Kudus,PT Mega Central Finance,Kudus - Kudus,Setidaknya 1 tahun,Gaji Kompetitif
Credit Marketing Officer Motor - Lebak,PT Mega Central Finance,Lebak - ,Setidaknya 1 tahun,Gaji Kompetitif
Credit Marketing Officer Motor - Pandeglang,PT Mega Central Finance,Pandeglang - Pandeglang,Setidaknya 1 tahun,Gaji Kompetitif
Credit Marketing Officer Motor - Cilegon,PT Mega Central Finance,Cilegon - Cilegon,Setidaknya 1 tahun,Gaji Kompetitif
Credit Marketing Officer Motor - Tulungagung,PT Mega Central Finance,Tulungagung - Tulungagung,Setidaknya 1 tahun,Gaji Kompetitif
Credit Marketing Officer Motor - Lombok Utara,PT Mega Central Finance,Lombok Utara - ,Setidaknya 1 tahun,Gaji Kompetitif
Credit Marketing Officer Motor - Madiun,PT Mega Central Finance,Madiun - Madiun,Setidaknya 1 tahun,Gaji Kompetitif
Credit Marketing Officer Motor - Lombok Timur,PT Mega Central Finance,Lombok Timur - ,Setidaknya 1 tahun,Gaji Kompetitif
Credit Marketing Officer Motor - Pasuruan,PT Mega Central Finance,Pasuruan - Pasuruan,Setidaknya 1 tahun,Gaji Kompetitif
Credit Marketing Officer Motor - Nganjuk,PT Mega Central Finance,Nganjuk - ,Setidaknya 1 tahun,Gaji Kompetitif
Credit Marketing Officer Motor - Banyuwangi,PT Mega Central Finance,Banyuwangi - Banyuwangi,Setidaknya 1 tahun,Gaji Kompetitif
Marketing,PT Usaha Saudara Mandiri,Surabaya - Surabaya,Setidaknya 1 tahun,IDR 4.500.000 - 5.500.000
Credit Marketing Officer Motor - Serang,PT Mega Central Finance,Serang - Serang,Setidaknya 1 tahun,Gaji Kompetitif
Credit Marketing Officer Motor - Mataram,PT Mega Central Finance,Mataram - Mataram,Setidaknya 1 tahun,Gaji Kompetitif
Credit Marketing Officer Motor - Blitar,PT Mega Central Finance,Blitar - ,Setidaknya 1 tahun,Gaji Kompetitif
Telemarketing e-Commerce Otomotif - Jakarta,PT Elabram Systems,Prov. DKI-Jakarta - Prov. DKI-Jakarta,Setidaknya 1 tahun,IDR 4.500.000 - 4.600.000
CREDIT MARKETING OFFICER - SURABAYA,PT. Arthaasia Finance,SURABAYA - Surabaya,Setidaknya 1 tahun,IDR 4.300.000 - 4.900.000
Credit Marketing Officer Motor - Malang,PT Mega Central Finance,Malang - Malang,Setidaknya 1 tahun,Gaji Kompetitif
Credit Marketing Officer Motor - Bojonegoro,PT Mega Central Finance,Bojonegoro - Bojonegoro,Setidaknya 1 tahun,Gaji Kompetitif
Credit Marketing Officer Motor - Kediri,PT Mega Central Finance,Kediri - Kediri,Setidaknya 1 tahun,Gaji Kompetitif
Credit Marketing Officer Motor - Lamongan,PT Mega Central Finance,Lamongan - Lamongan,Setidaknya 1 tahun,Gaji Kompetitif
Credit Marketing Officer Motor - Ciamis,PT Mega Central Finance,Ciamis - ,Setidaknya 1 tahun,Gaji Kompetitif
Credit Marketing Officer Motor - Majalengka,PT Mega Central Finance,Majalengka - ,Setidaknya 1 tahun,Gaji Kompetitif
Credit Marketing Officer Motor - Tasikmalaya,PT Mega Central Finance,Tasikmalaya - ,Setidaknya 1 tahun,Gaji Kompetitif
Credit Marketing Officer Motor - Indramayu,PT Mega Central Finance,Indramayu - ,0 tahun,Gaji Kompetitif
Credit Marketing Officer Motor - Kuningan,PT Mega Central Finance,Kuningan - ,Setidaknya 1 tahun,Gaji Kompetitif
Credit Marketing Officer Motor - Banjar,PT Mega Central Finance,Banjar - Prov. Jawa Barat,Setidaknya 1 tahun,Gaji Kompetitif
Credit Marketing Officer Motor - Mojokerto,PT Mega Central Finance,Mojokerto - Mojokerto,Setidaknya 1 tahun,Gaji Kompetitif
DIGITAL MARKETING & SOCIAL MEDIA  SUPERVISOR,PT Artha Kreasi Utama,Semarang - Semarang,2 tahun,Gaji Kompetitif
Marketing Executive Kampus,PT Bahtera Pesat Lintasbuana,head office - Jakarta Selatan,0 tahun,IDR 4.600.000 - 6.000.000
Credit Marketing Officer Motor - Garut,PT Mega Central Finance,Garut - ,Setidaknya 1 tahun,Gaji Kompetitif
Credit Marketing Officer Motor - Sidoarjo,PT Mega Central Finance,Sidoarjo - Sidoarjo,Setidaknya 1 tahun,Gaji Kompetitif
Credit Marketing Officer Motor - Cirebon,PT Mega Central Finance,Cirebon - Cirebon,Setidaknya 1 tahun,Gaji Kompetitif
CREDIT MARKETING OFFICER - BANDUNG,PT. Arthaasia Finance,BANDUNG - Bandung,Setidaknya 1 tahun,Gaji Kompetitif
Credit Marketing Officer Motor - Surabaya,PT Mega Central Finance,Surabaya - Surabaya,Setidaknya 1 tahun,Gaji Kompetitif
Credit Marketing Officer Motor - Purwakarta,PT Mega Central Finance,Purwakarta - Purwakarta,Setidaknya 1 tahun,Gaji Kompetitif
Credit Marketing Officer Motor - Gresik,PT Mega Central Finance,Gresik - Gresik,Setidaknya 1 tahun,Gaji Kompetitif
Credit Marketing Officer Motor - Bandung Barat,PT Mega Central Finance,Bandung Barat - ,Setidaknya 1 tahun,Gaji Kompetitif
Credit Marketing Officer Motor - Subang,PT Mega Central Finance,Subang - Subang,Setidaknya 1 tahun,Gaji Kompetitif
Credit Marketing Officer Motor - Cianjur,PT Mega Central Finance,Cianjur - Cianjur,Setidaknya 1 tahun,Gaji Kompetitif
Export Marketing Staff,PT Swabina Karya Indonesia,head office - Bekasi,Setidaknya 1 tahun,IDR 7.500.000 - 8.000.000
Credit Marketing Officer Motor - Sukabumi,PT Mega Central Finance,Sukabumi - Sukabumi,Setidaknya 1 tahun,Gaji Kompetitif
Business support /Marketing Funding,PT Fintegra Homido Indonesia,head office - Jakarta Selatan,3 tahun,IDR 7.000.000 - 9.000.000
Credit Marketing Officer Motor - Jakarta Selatan,PT Mega Central Finance,Jakarta Selatan - Jakarta Selatan,Setidaknya 1 tahun,Gaji Kompetitif
Credit Marketing Officer Motor - Jakarta Timur,PT Mega Central Finance,Jakarta Timur - Jakarta Timur,Setidaknya 1 tahun,Gaji Kompetitif
Credit Marketing Officer Motor - Jakarta Barat,PT Mega Central Finance,Jakarta Barat - Jakarta Barat,Setidaknya 1 tahun,Gaji Kompetitif
Credit Marketing Officer Motor - Jakarta Pusat,PT Mega Central Finance,Jakarta Pusat - Jakarta Pusat,Setidaknya 1 tahun,Gaji Kompetitif
CREDIT MARKETING OFFICER - BOGOR,PT. Arthaasia Finance,BOGOR - Bogor,Setidaknya 1 tahun,Gaji Kompetitif
Credit Marketing Officer Motor - Karawang,PT Mega Central Finance,Karawang - Karawang,Setidaknya 1 tahun,Gaji Kompetitif
Marketing and Communication (Food & Beverage Industry),PT Paris Tokyo Mademoiselle (Moonshine Dine & Lounge),Moonshine Dine & Lounge - Jakarta Selatan,0 tahun,IDR 6.000.000 - 6.500.000
CREDIT MARKETING OFFICER - JAKARTA PUSAT,PT. Arthaasia Finance,DKI JAKARTA (PUSAT) - Prov. DKI-Jakarta,Setidaknya 1 tahun,Gaji Kompetitif
Credit Marketing Officer Motor - Bandung,PT Mega Central Finance,Bandung - Bandung,Setidaknya 1 tahun,Gaji Kompetitif
Credit Marketing Officer Motor - Tangerang Selatan,PT Mega Central Finance,Tangerang Selatan - ,Setidaknya 1 tahun,Gaji Kompetitif
Digital Marketing Staff,PT KMI Wire and Cable Tbk,head office - Jakarta Timur,2 tahun,Gaji Kompetitif
Brand Marketing Manager,PT Dhanajaya Bogaindo,Head Office Patal Senayan - Jakarta Selatan,3 tahun,IDR 15.000.000 - 20.000.000
Credit Marketing Officer Motor - Depok,PT Mega Central Finance,Depok - Depok,Setidaknya 1 tahun,Gaji Kompetitif
Marketing,PT Pru Winner,head office - Jakarta Selatan,3 tahun,Gaji Kompetitif
Credit Marketing Officer Motor - Tangerang,PT Mega Central Finance,Tangerang - Tangerang,Setidaknya 1 tahun,Gaji Kompetitif
Manager Marketing,PT Favori Corp Sedaya,head office - Bandung,3 tahun,Gaji Kompetitif
CREDIT MARKETING OFFICER - BEKASI,PT. Arthaasia Finance,BEKASI - Bekasi,Setidaknya 1 tahun,Gaji Kompetitif
Credit Marketing Officer Motor - Bekasi,PT Mega Central Finance,Bekasi - Bekasi,Setidaknya 1 tahun,Gaji Kompetitif
Marketing Manager,PT Dian Permana,head office - Surabaya,5 tahun,Gaji Kompetitif
Digital Marketing,PT Telesindo Citra Sejahtera,head office - Jakarta Barat,2 tahun,Gaji Kompetitif
Credit Marketing Officer Motor - Bogor,PT Mega Central Finance,Bogor - Bogor,Setidaknya 1 tahun,Gaji Kompetitif
Marketing,PT Kualitas Teknik Indonesia,head office - Jakarta Barat,2 tahun,IDR 4.600.000 - 8.000.000
SALES MARKETING ENGINEER (INDUSTRIAL INSTRUMENTATION & PROCESS CONTROL),PT Flotech Controls Indonesia,Indonesia  - Jakarta Utara,Setidaknya 1 tahun,Gaji Kompetitif
Sales & Marketing Associate,MRT Group,Head Office - Jakarta Barat,3 tahun,Gaji Kompetitif
Digital Marketing,PT Domba Mas Indonesia,head office - Jakarta Barat,2 tahun,Gaji Kompetitif
CREDIT MARKETING OFFICER - JAKARTA,PT. Arthaasia Finance,DKI JAKARTA - Prov. DKI-Jakarta,Setidaknya 1 tahun,Gaji Kompetitif
Telemarketing,PT Domba Mas Indonesia,head office - Jakarta Barat,0 tahun,Gaji Kompetitif
Marketing,PT Prima Karya Sarana Sejahtera,PKSS Jakarta 1 - Prov. DKI-Jakarta,Setidaknya 1 tahun,Gaji Kompetitif
Staff Marketing,PT Sayaka Adhyatma Persada,head office - Surabaya,Setidaknya 1 tahun,Gaji Kompetitif
Telemarketing,PT Personel Alih Daya ( PERSADA ),head office - Jakarta Selatan,Setidaknya 1 tahun,IDR 4.500.000 - 5.000.000
Telemarketing/Telesales,PT Personel Alih Daya ( PERSADA ),head office - Jakarta Selatan,Setidaknya 1 tahun,IDR 4.600.000 - 5.000.000
Marketing Manager,PT Wahana Adireksa Pratama,head office - Jakarta Barat,3 tahun,IDR 8.000.000 - 10.000.000
MARKETING SUPERVISOR,PT Mitra Insan Sejahtera,Jakarta - Prov. DKI-Jakarta,2 tahun,Gaji Kompetitif
